{"accuracy": 0.8985330073349633, "precision": 0.835030549898167, "recall": 0.9951456310679612, "f1": 0.9080841638981174, "auc": 0.9633202209574825}