{"accuracy": 0.8422818791946308, "precision": 0.7835738068812431, "recall": 0.9463806970509383, "f1": 0.8573163327261688, "auc": 0.9406349995675862}